record_type,name,index,x,y,start_idx,end_idx,speed_sign,rcs_start,speed_mps,accel_dist,decel_dist,coord_mode,origin_key,origin_label,origin_x,origin_y,origin_z
meta,预设轨迹1,,,,,,,,,,,fixed_origin,__manual_xy_anchor__,手动锚点,0.000000,0.000000,0.000000
point,预设轨迹1,0,0.000000,0.000000,,,,,,,,,,,,,
point,预设轨迹1,1,0.000000,20.000000,,,,,,,,,,,,,
point,预设轨迹1,2,0.000000,0.000000,,,,,,,,,,,,,
point,预设轨迹1,3,0.000000,20.000000,,,,,,,,,,,,,
point,预设轨迹1,4,0.000000,0.000000,,,,,,,,,,,,,
segment,预设轨迹1,0,,,0,1,1,0,1.000,1.500,1.500,,,,,,
segment,预设轨迹1,1,,,1,2,-1,0,1.000,1.500,1.500,,,,,,
segment,预设轨迹1,2,,,2,3,1,0,1.000,1.500,1.500,,,,,,
segment,预设轨迹1,3,,,3,4,-1,0,1.000,1.500,1.500,,,,,,
meta,预设轨迹2,,,,,,,,,,,fixed_origin,__manual_xy_anchor__,手动锚点,0.000000,0.000000,0.000000
point,预设轨迹2,0,0.000000,0.000000,,,,,,,,,,,,,
point,预设轨迹2,1,0.000000,20.000000,,,,,,,,,,,,,
point,预设轨迹2,2,0.000000,0.000000,,,,,,,,,,,,,
point,预设轨迹2,3,0.000000,20.000000,,,,,,,,,,,,,
point,预设轨迹2,4,0.000000,0.000000,,,,,,,,,,,,,
segment,预设轨迹2,0,,,0,1,1,0,2.000,1.500,1.500,,,,,,
segment,预设轨迹2,1,,,1,2,-1,0,2.000,1.500,1.500,,,,,,
segment,预设轨迹2,2,,,2,3,1,0,2.000,1.500,1.500,,,,,,
segment,预设轨迹2,3,,,3,4,-1,0,2.000,1.500,1.500,,,,,,
meta,预设轨迹3,,,,,,,,,,,fixed_origin,__manual_xy_anchor__,手动锚点,0.000000,0.000000,0.000000
point,预设轨迹3,0,0.000000,0.000000,,,,,,,,,,,,,
point,预设轨迹3,1,0.000000,20.000000,,,,,,,,,,,,,
point,预设轨迹3,2,0.000000,0.000000,,,,,,,,,,,,,
point,预设轨迹3,3,0.000000,20.000000,,,,,,,,,,,,,
point,预设轨迹3,4,0.000000,0.000000,,,,,,,,,,,,,
segment,预设轨迹3,0,,,0,1,1,0,3.000,1.500,1.500,,,,,,
segment,预设轨迹3,1,,,1,2,-1,0,3.000,1.500,1.500,,,,,,
segment,预设轨迹3,2,,,2,3,1,0,3.000,1.500,1.500,,,,,,
segment,预设轨迹3,3,,,3,4,-1,0,3.000,1.500,1.500,,,,,,
meta,预设轨迹4,,,,,,,,,,,fixed_origin,__manual_xy_anchor__,手动锚点,0.000000,0.000000,0.000000
point,预设轨迹4,0,0.000000,0.000000,,,,,,,,,,,,,
point,预设轨迹4,1,0.000000,30.000000,,,,,,,,,,,,,
point,预设轨迹4,2,0.000000,0.000000,,,,,,,,,,,,,
point,预设轨迹4,3,0.000000,30.000000,,,,,,,,,,,,,
point,预设轨迹4,4,0.000000,0.000000,,,,,,,,,,,,,
segment,预设轨迹4,0,,,0,1,1,0,3.000,2.500,2.500,,,,,,
segment,预设轨迹4,1,,,1,2,-1,0,3.000,2.500,2.500,,,,,,
segment,预设轨迹4,2,,,2,3,1,0,3.000,2.500,2.500,,,,,,
segment,预设轨迹4,3,,,3,4,-1,0,3.000,2.500,2.500,,,,,,
meta,预设轨迹5,,,,,,,,,,,fixed_origin,__manual_xy_anchor__,手动锚点,0.000000,0.000000,0.000000
point,预设轨迹5,0,0.000000,0.000000,,,,,,,,,,,,,
point,预设轨迹5,1,0.000000,20.000000,,,,,,,,,,,,,
point,预设轨迹5,2,0.000000,0.000000,,,,,,,,,,,,,
point,预设轨迹5,3,0.000000,20.000000,,,,,,,,,,,,,
point,预设轨迹5,4,0.000000,0.000000,,,,,,,,,,,,,
segment,预设轨迹5,0,,,0,1,1,0,1.500,1.500,1.500,,,,,,
segment,预设轨迹5,1,,,1,2,-1,0,1.500,1.500,1.500,,,,,,
segment,预设轨迹5,2,,,2,3,1,0,1.500,1.500,1.500,,,,,,
segment,预设轨迹5,3,,,3,4,-1,0,1.500,1.500,1.500,,,,,,
meta,预设轨迹6,,,,,,,,,,,fixed_origin,__manual_xy_anchor__,手动锚点,0.000000,0.000000,0.000000
point,预设轨迹6,0,0.000000,0.000000,,,,,,,,,,,,,
point,预设轨迹6,1,0.000000,10.000000,,,,,,,,,,,,,
point,预设轨迹6,2,-0.003580,10.119608,,,,,,,,,,,,,
point,预设轨迹6,3,-0.014306,10.238788,,,,,,,,,,,,,
point,预设轨迹6,4,-0.032141,10.357114,,,,,,,,,,,,,
point,预设轨迹6,5,-0.057020,10.474161,,,,,,,,,,,,,
point,预设轨迹6,6,-0.088854,10.589510,,,,,,,,,,,,,
point,预设轨迹6,7,-0.127530,10.702750,,,,,,,,,,,,,
point,预设轨迹6,8,-0.172909,10.813473,,,,,,,,,,,,,
point,预设轨迹6,9,-0.224828,10.921285,,,,,,,,,,,,,
point,预设轨迹6,10,-0.283102,11.025799,,,,,,,,,,,,,
point,预设轨迹6,11,-0.347522,11.126640,,,,,,,,,,,,,
point,预设轨迹6,12,-0.417858,11.223449,,,,,,,,,,,,,
point,预设轨迹6,13,-0.493857,11.315877,,,,,,,,,,,,,
point,预设轨迹6,14,-0.575248,11.403596,,,,,,,,,,,,,
point,预设轨迹6,15,-0.661739,11.486290,,,,,,,,,,,,,
point,预设轨迹6,16,-0.753020,11.563663,,,,,,,,,,,,,
point,预设轨迹6,17,-0.848766,11.635439,,,,,,,,,,,,,
point,预设轨迹6,18,-0.948632,11.701360,,,,,,,,,,,,,
point,预设轨迹6,19,-1.052263,11.761191,,,,,,,,,,,,,
point,预设轨迹6,20,-1.159286,11.814717,,,,,,,,,,,,,
point,预设轨迹6,21,-1.269318,11.861747,,,,,,,,,,,,,
point,预设轨迹6,22,-1.381966,11.902113,,,,,,,,,,,,,
point,预设轨迹6,23,-1.496826,11.935669,,,,,,,,,,,,,
point,预设轨迹6,24,-1.613488,11.962297,,,,,,,,,,,,,
point,预设轨迹6,25,-1.731533,11.981900,,,,,,,,,,,,,
point,预设轨迹6,26,-1.850540,11.994408,,,,,,,,,,,,,
point,预设轨迹6,27,-1.970081,11.999776,,,,,,,,,,,,,
point,预设轨迹6,28,-2.089730,11.997986,,,,,,,,,,,,,
point,预设轨迹6,29,-2.209057,11.989044,,,,,,,,,,,,,
point,预设轨迹6,30,-2.327636,11.972981,,,,,,,,,,,,,
point,预设轨迹6,31,-2.445042,11.949856,,,,,,,,,,,,,
point,预设轨迹6,32,-2.560855,11.919750,,,,,,,,,,,,,
point,预设轨迹6,33,-2.674660,11.882773,,,,,,,,,,,,,
point,预设轨迹6,34,-2.786050,11.839056,,,,,,,,,,,,,
point,预设轨迹6,35,-2.894626,11.788755,,,,,,,,,,,,,
point,预设轨迹6,36,-3.000000,11.732051,,,,,,,,,,,,,
point,预设轨迹6,37,-3.101794,11.669147,,,,,,,,,,,,,
point,预设轨迹6,38,-3.199644,11.600267,,,,,,,,,,,,,
point,预设轨迹6,39,-3.293199,11.525659,,,,,,,,,,,,,
point,预设轨迹6,40,-3.382125,11.445590,,,,,,,,,,,,,
point,预设轨迹6,41,-3.466104,11.360345,,,,,,,,,,,,,
point,预设轨迹6,42,-3.544834,11.270232,,,,,,,,,,,,,
point,预设轨迹6,43,-3.618034,11.175571,,,,,,,,,,,,,
point,预设轨迹6,44,-3.685442,11.076701,,,,,,,,,,,,,
point,预设轨迹6,45,-3.746816,10.973978,,,,,,,,,,,,,
point,预设轨迹6,46,-3.801938,10.867767,,,,,,,,,,,,,
point,预设轨迹6,47,-3.850609,10.758451,,,,,,,,,,,,,
point,预设轨迹6,48,-3.892655,10.646419,,,,,,,,,,,,,
point,预设轨迹6,49,-3.927926,10.532074,,,,,,,,,,,,,
point,预设轨迹6,50,-3.956295,10.415823,,,,,,,,,,,,,
point,预设轨迹6,51,-3.977662,10.298085,,,,,,,,,,,,,
point,预设轨迹6,52,-3.991949,10.179279,,,,,,,,,,,,,
point,预设轨迹6,53,-3.999105,10.059831,,,,,,,,,,,,,
point,预设轨迹6,54,-3.999105,9.940169,,,,,,,,,,,,,
point,预设轨迹6,55,-3.991949,9.820721,,,,,,,,,,,,,
point,预设轨迹6,56,-3.977662,9.701915,,,,,,,,,,,,,
point,预设轨迹6,57,-3.956295,9.584177,,,,,,,,,,,,,
point,预设轨迹6,58,-3.927926,9.467926,,,,,,,,,,,,,
point,预设轨迹6,59,-3.892655,9.353581,,,,,,,,,,,,,
point,预设轨迹6,60,-3.850609,9.241549,,,,,,,,,,,,,
point,预设轨迹6,61,-3.801938,9.132233,,,,,,,,,,,,,
point,预设轨迹6,62,-3.746816,9.026022,,,,,,,,,,,,,
point,预设轨迹6,63,-3.685442,8.923299,,,,,,,,,,,,,
point,预设轨迹6,64,-3.618034,8.824429,,,,,,,,,,,,,
point,预设轨迹6,65,-3.544834,8.729768,,,,,,,,,,,,,
point,预设轨迹6,66,-3.466104,8.639655,,,,,,,,,,,,,
point,预设轨迹6,67,-3.382125,8.554410,,,,,,,,,,,,,
point,预设轨迹6,68,-3.293199,8.474341,,,,,,,,,,,,,
point,预设轨迹6,69,-3.199644,8.399733,,,,,,,,,,,,,
point,预设轨迹6,70,-3.101794,8.330853,,,,,,,,,,,,,
point,预设轨迹6,71,-3.000000,8.267949,,,,,,,,,,,,,
point,预设轨迹6,72,-2.894626,8.211245,,,,,,,,,,,,,
point,预设轨迹6,73,-2.786050,8.160944,,,,,,,,,,,,,
point,预设轨迹6,74,-2.674660,8.117227,,,,,,,,,,,,,
point,预设轨迹6,75,-2.560855,8.080250,,,,,,,,,,,,,
point,预设轨迹6,76,-2.445042,8.050144,,,,,,,,,,,,,
point,预设轨迹6,77,-2.327636,8.027019,,,,,,,,,,,,,
point,预设轨迹6,78,-2.209057,8.010956,,,,,,,,,,,,,
point,预设轨迹6,79,-2.089730,8.002014,,,,,,,,,,,,,
point,预设轨迹6,80,-1.970081,8.000224,,,,,,,,,,,,,
point,预设轨迹6,81,-1.850540,8.005592,,,,,,,,,,,,,
point,预设轨迹6,82,-1.731533,8.018100,,,,,,,,,,,,,
point,预设轨迹6,83,-1.613488,8.037703,,,,,,,,,,,,,
point,预设轨迹6,84,-1.496826,8.064331,,,,,,,,,,,,,
point,预设轨迹6,85,-1.381966,8.097887,,,,,,,,,,,,,
point,预设轨迹6,86,-1.269318,8.138253,,,,,,,,,,,,,
point,预设轨迹6,87,-1.159286,8.185283,,,,,,,,,,,,,
point,预设轨迹6,88,-1.052263,8.238809,,,,,,,,,,,,,
point,预设轨迹6,89,-0.948632,8.298640,,,,,,,,,,,,,
point,预设轨迹6,90,-0.848766,8.364561,,,,,,,,,,,,,
point,预设轨迹6,91,-0.753020,8.436337,,,,,,,,,,,,,
point,预设轨迹6,92,-0.661739,8.513710,,,,,,,,,,,,,
point,预设轨迹6,93,-0.575248,8.596404,,,,,,,,,,,,,
point,预设轨迹6,94,-0.493857,8.684123,,,,,,,,,,,,,
point,预设轨迹6,95,-0.417858,8.776551,,,,,,,,,,,,,
point,预设轨迹6,96,-0.347522,8.873360,,,,,,,,,,,,,
point,预设轨迹6,97,-0.283102,8.974201,,,,,,,,,,,,,
point,预设轨迹6,98,-0.224828,9.078715,,,,,,,,,,,,,
point,预设轨迹6,99,-0.172909,9.186527,,,,,,,,,,,,,
point,预设轨迹6,100,-0.127530,9.297250,,,,,,,,,,,,,
point,预设轨迹6,101,-0.088854,9.410490,,,,,,,,,,,,,
point,预设轨迹6,102,-0.057020,9.525839,,,,,,,,,,,,,
point,预设轨迹6,103,-0.032141,9.642886,,,,,,,,,,,,,
point,预设轨迹6,104,-0.014306,9.761212,,,,,,,,,,,,,
point,预设轨迹6,105,-0.003580,9.880392,,,,,,,,,,,,,
point,预设轨迹6,106,0.000000,10.000000,,,,,,,,,,,,,
segment,预设轨迹6,0,,,0,1,1,0,1.500,1.500,1.500,,,,,,
segment,预设轨迹6,1,,,1,106,1,0,0.500,1.500,1.500,,,,,,
meta,预设轨迹7,,,,,,,,,,,fixed_origin,__manual_xy_anchor__,手动锚点,0.000000,0.000000,0.000000
point,预设轨迹7,0,0.000000,0.000000,,,,,,,,,,,,,
point,预设轨迹7,1,0.000000,10.000000,,,,,,,,,,,,,
point,预设轨迹7,2,-0.003598,10.119919,,,,,,,,,,,,,
point,预设轨迹7,3,-0.014381,10.239407,,,,,,,,,,,,,
point,预设轨迹7,4,-0.032308,10.358034,,,,,,,,,,,,,
point,预设轨迹7,5,-0.057316,10.475372,,,,,,,,,,,,,
point,预设轨迹7,6,-0.089314,10.590999,,,,,,,,,,,,,
point,预设轨迹7,7,-0.128188,10.704500,,,,,,,,,,,,,
point,预设轨迹7,8,-0.173798,10.815466,,,,,,,,,,,,,
point,预设轨迹7,9,-0.225978,10.923497,,,,,,,,,,,,,
point,预设轨迹7,10,-0.284543,11.028205,,,,,,,,,,,,,
point,预设轨迹7,11,-0.349280,11.129214,,,,,,,,,,,,,
point,预设轨迹7,12,-0.419957,11.226159,,,,,,,,,,,,,
point,预设轨迹7,13,-0.496320,11.318692,,,,,,,,,,,,,
point,预设轨迹7,14,-0.578094,11.406479,,,,,,,,,,,,,
point,预设轨迹7,15,-0.664985,11.489206,,,,,,,,,,,,,
point,预设轨迹7,16,-0.756679,11.566573,,,,,,,,,,,,,
point,预设轨迹7,17,-0.852847,11.638304,,,,,,,,,,,,,
point,预设轨迹7,18,-0.953143,11.704139,,,,,,,,,,,,,
point,预设轨迹7,19,-1.057207,11.763843,,,,,,,,,,,,,
point,预设轨迹7,20,-1.164662,11.817199,,,,,,,,,,,,,
point,预设轨迹7,21,-1.275124,11.864016,,,,,,,,,,,,,
point,预设轨迹7,22,-1.388194,11.904125,,,,,,,,,,,,,
point,预设轨迹7,23,-1.503466,11.937383,,,,,,,,,,,,,
point,预设轨迹7,24,-1.620524,11.963669,,,,,,,,,,,,,
point,预设轨迹7,25,-1.738948,11.982890,,,,,,,,,,,,,
point,预设轨迹7,26,-1.858311,11.994975,,,,,,,,,,,,,
point,预设轨迹7,27,-1.978184,11.999881,,,,,,,,,,,,,
point,预设轨迹7,28,-2.098135,11.997591,,,,,,,,,,,,,
point,预设轨迹7,29,-2.217734,11.988113,,,,,,,,,,,,,
point,预设轨迹7,30,-2.336549,11.971480,,,,,,,,,,,,,
point,预设轨迹7,31,-2.454153,11.947754,,,,,,,,,,,,,
point,预设轨迹7,32,-2.570122,11.917019,,,,,,,,,,,,,
point,预设轨迹7,33,-2.684040,11.879385,,,,,,,,,,,,,
point,预设轨迹7,34,-2.795497,11.834989,,,,,,,,,,,,,
point,预设轨迹7,35,-2.904091,11.783990,,,,,,,,,,,,,
point,预设轨迹7,36,-3.009432,11.726571,,,,,,,,,,,,,
point,预设轨迹7,37,-3.111140,11.662939,,,,,,,,,,,,,
point,预设轨迹7,38,-3.208851,11.593324,,,,,,,,,,,,,
point,预设轨迹7,39,-3.302211,11.517975,,,,,,,,,,,,,
point,预设轨迹7,40,-3.390885,11.437163,,,,,,,,,,,,,
point,预设轨迹7,41,-3.474555,11.351180,,,,,,,,,,,,,
point,预设轨迹7,42,-3.552918,11.260336,,,,,,,,,,,,,
point,预设轨迹7,43,-3.625693,11.164955,,,,,,,,,,,,,
point,预设轨迹7,44,-3.692619,11.065383,,,,,,,,,,,,,
point,预设轨迹7,45,-3.753454,10.961978,,,,,,,,,,,,,
point,预设轨迹7,46,-3.807979,10.855110,,,,,,,,,,,,,
point,预设轨迹7,47,-3.855998,10.745166,,,,,,,,,,,,,
point,预设轨迹7,48,-3.897338,10.632540,,,,,,,,,,,,,
point,预设轨迹7,49,-3.931852,10.517638,,,,,,,,,,,,,
point,预设轨迹7,50,-3.959413,10.400873,,,,,,,,,,,,,
point,预设轨迹7,51,-3.979924,10.282666,,,,,,,,,,,,,
point,预设轨迹7,52,-3.993310,10.163442,,,,,,,,,,,,,
point,预设轨迹7,53,-3.999524,10.043630,,,,,,,,,,,,,
point,预设轨迹7,54,-3.998543,9.923660,,,,,,,,,,,,,
point,预设轨迹7,55,-3.990369,9.803966,,,,,,,,,,,,,
point,预设轨迹7,56,-3.975034,9.684976,,,,,,,,,,,,,
point,预设轨迹7,57,-3.952592,9.567121,,,,,,,,,,,,,
point,预设轨迹7,58,-3.923124,9.450823,,,,,,,,,,,,,
point,预设轨迹7,59,-3.886735,9.336501,,,,,,,,,,,,,
point,预设轨迹7,60,-3.843557,9.224567,,,,,,,,,,,,,
point,预设轨迹7,61,-3.793745,9.115423,,,,,,,,,,,,,
point,预设轨迹7,62,-3.737479,9.009462,,,,,,,,,,,,,
point,预设轨迹7,63,-3.674961,8.907065,,,,,,,,,,,,,
point,预设轨迹7,64,-3.606415,8.808601,,,,,,,,,,,,,
point,预设轨迹7,65,-3.532089,8.714425,,,,,,,,,,,,,
point,预设轨迹7,66,-3.452250,8.624874,,,,,,,,,,,,,
point,预设轨迹7,67,-3.367185,8.540272,,,,,,,,,,,,,
point,预设轨迹7,68,-3.277200,8.460922,,,,,,,,,,,,,
point,预设轨迹7,69,-3.182619,8.387111,,,,,,,,,,,,,
point,预设轨迹7,70,-3.083783,8.319103,,,,,,,,,,,,,
point,预设轨迹7,71,-2.981047,8.257144,,,,,,,,,,,,,
point,预设轨迹7,72,-2.874781,8.201457,,,,,,,,,,,,,
point,预设轨迹7,73,-2.765367,8.152241,,,,,,,,,,,,,
point,预设轨迹7,74,-2.653199,8.109674,,,,,,,,,,,,,
point,预设轨迹7,75,-2.538680,8.073910,,,,,,,,,,,,,
point,预设轨迹7,76,-2.422223,8.045076,,,,,,,,,,,,,
point,预设轨迹7,77,-2.304247,8.023277,,,,,,,,,,,,,
point,预设轨迹7,78,-2.185176,8.008591,,,,,,,,,,,,,
point,预设轨迹7,79,-2.065438,8.001071,,,,,,,,,,,,,
point,预设轨迹7,80,-1.945465,8.000744,,,,,,,,,,,,,
point,预设轨迹7,81,-1.825689,8.007611,,,,,,,,,,,,,
point,预设轨迹7,82,-1.706539,8.021647,,,,,,,,,,,,,
point,预设轨迹7,83,-1.588446,8.042802,,,,,,,,,,,,,
point,预设轨迹7,84,-1.471833,8.071000,,,,,,,,,,,,,
point,预设轨迹7,85,-1.357121,8.106140,,,,,,,,,,,,,
point,预设轨迹7,86,-1.244722,8.148094,,,,,,,,,,,,,
point,预设轨迹7,87,-1.135042,8.196712,,,,,,,,,,,,,
point,预设轨迹7,88,-1.028473,8.251819,,,,,,,,,,,,,
point,预设轨迹7,89,-0.925401,8.313217,,,,,,,,,,,,,
point,预设轨迹7,90,-0.826195,8.380685,,,,,,,,,,,,,
point,预设轨迹7,91,-0.731213,8.453979,,,,,,,,,,,,,
point,预设轨迹7,92,-0.640797,8.532837,,,,,,,,,,,,,
point,预设轨迹7,93,-0.555272,8.616974,,,,,,,,,,,,,
point,预设轨迹7,94,-0.474946,8.706088,,,,,,,,,,,,,
point,预设轨迹7,95,-0.400107,8.799858,,,,,,,,,,,,,
point,预设轨迹7,96,-0.331025,8.897946,,,,,,,,,,,,,
point,预设轨迹7,97,-0.267949,9.000000,,,,,,,,,,,,,
segment,预设轨迹7,0,,,0,1,1,0,1.500,1.500,1.500,,,,,,
segment,预设轨迹7,1,,,1,97,1,0,1.500,1.500,1.500,,,,,,
meta,预设轨迹8,,,,,,,,,,,fixed_origin,__manual_xy_anchor__,手动锚点,0.000000,0.000000,0.000000
point,预设轨迹8,0,0.000000,0.000000,,,,,,,,,,,,,
point,预设轨迹8,1,0.000000,10.000000,,,,,,,,,,,,,
point,预设轨迹8,2,-0.003557,10.119222,,,,,,,,,,,,,
point,预设轨迹8,3,-0.014214,10.238019,,,,,,,,,,,,,
point,预设轨迹8,4,-0.031934,10.355970,,,,,,,,,,,,,
point,预设轨迹8,5,-0.056653,10.472656,,,,,,,,,,,,,
point,预设轨迹8,6,-0.088284,10.587660,,,,,,,,,,,,,
point,预设轨迹8,7,-0.126715,10.700573,,,,,,,,,,,,,
point,预设轨迹8,8,-0.171808,10.810996,,,,,,,,,,,,,
point,预设轨迹8,9,-0.223403,10.918534,,,,,,,,,,,,,
point,预设轨迹8,10,-0.281317,11.022805,,,,,,,,,,,,,
point,预设轨迹8,11,-0.345344,11.123438,,,,,,,,,,,,,
point,预设轨迹8,12,-0.415255,11.220076,,,,,,,,,,,,,
point,预设轨迹8,13,-0.490803,11.312374,,,,,,,,,,,,,
point,预设轨迹8,14,-0.571719,11.400004,,,,,,,,,,,,,
point,预设轨迹8,15,-0.657714,11.482656,,,,,,,,,,,,,
point,预设轨迹8,16,-0.748483,11.560034,,,,,,,,,,,,,
point,预设轨迹8,17,-0.843704,11.631864,,,,,,,,,,,,,
point,预设轨迹8,18,-0.943037,11.697890,,,,,,,,,,,,,
point,预设轨迹8,19,-1.046129,11.757877,,,,,,,,,,,,,
point,预设轨迹8,20,-1.152614,11.811612,,,,,,,,,,,,,
point,预设轨迹8,21,-1.262113,11.858904,,,,,,,,,,,,,
point,预设轨迹8,22,-1.374236,11.899584,,,,,,,,,,,,,
point,预设轨迹8,23,-1.488584,11.933508,,,,,,,,,,,,,
point,预设轨迹8,24,-1.604752,11.960556,,,,,,,,,,,,,
point,预设轨迹8,25,-1.722325,11.980630,,,,,,,,,,,,,
point,预设轨迹8,26,-1.840886,11.993661,,,,,,,,,,,,,
point,预设轨迹8,27,-1.960013,11.999600,,,,,,,,,,,,,
point,预设轨迹8,28,-2.079282,11.998428,,,,,,,,,,,,,
point,预设轨迹8,29,-2.198269,11.990148,,,,,,,,,,,,,
point,预设轨迹8,30,-2.316550,11.974790,,,,,,,,,,,,,
point,预设轨迹8,31,-2.433706,11.952408,,,,,,,,,,,,,
point,预设轨迹8,32,-2.549320,11.923083,,,,,,,,,,,,,
point,预设轨迹8,33,-2.662980,11.886918,,,,,,,,,,,,,
point,预设轨迹8,34,-2.774281,11.844041,,,,,,,,,,,,,
point,预设轨迹8,35,-2.882829,11.794607,,,,,,,,,,,,,
point,预设轨迹8,36,-2.988237,11.738789,,,,,,,,,,,,,
point,预设轨迹8,37,-3.090131,11.676787,,,,,,,,,,,,,
point,预设轨迹8,38,-3.188147,11.608822,,,,,,,,,,,,,
point,预设轨迹8,39,-3.281937,11.535134,,,,,,,,,,,,,
point,预设轨迹8,40,-3.371168,11.455987,,,,,,,,,,,,,
point,预设轨迹8,41,-3.455522,11.371661,,,,,,,,,,,,,
point,预设轨迹8,42,-3.534700,11.282457,,,,,,,,,,,,,
point,预设轨迹8,43,-3.608419,11.188692,,,,,,,,,,,,,
point,预设轨迹8,44,-3.676418,11.090699,,,,,,,,,,,,,
point,预设轨迹8,45,-3.738454,10.988827,,,,,,,,,,,,,
point,预设轨迹8,46,-3.794307,10.883437,,,,,,,,,,,,,
point,预设轨迹8,47,-3.843779,10.774906,,,,,,,,,,,,,
point,预设轨迹8,48,-3.886693,10.663619,,,,,,,,,,,,,
point,预设轨迹8,49,-3.922897,10.549972,,,,,,,,,,,,,
point,预设轨迹8,50,-3.952261,10.434368,,,,,,,,,,,,,
point,预设轨迹8,51,-3.974683,10.317220,,,,,,,,,,,,,
point,预设轨迹8,52,-3.990081,10.198943,,,,,,,,,,,,,
point,预设轨迹8,53,-3.998401,10.079959,,,,,,,,,,,,,
point,预设轨迹8,54,-3.999614,9.960690,,,,,,,,,,,,,
point,预设轨迹8,55,-3.993714,9.841562,,,,,,,,,,,,,
point,预设轨迹8,56,-3.980724,9.722996,,,,,,,,,,,,,
point,预设轨迹8,57,-3.960690,9.605416,,,,,,,,,,,,,
point,预设轨迹8,58,-3.933681,9.489240,,,,,,,,,,,,,
point,预设轨迹8,59,-3.899796,9.374879,,,,,,,,,,,,,
point,预设轨迹8,60,-3.859153,9.262743,,,,,,,,,,,,,
point,预设轨迹8,61,-3.811899,9.153228,,,,,,,,,,,,,
point,预设轨迹8,62,-3.758200,9.046725,,,,,,,,,,,,,
point,预设轨迹8,63,-3.698248,8.943612,,,,,,,,,,,,,
point,预设轨迹8,64,-3.632256,8.844257,,,,,,,,,,,,,
point,预设轨迹8,65,-3.560458,8.749012,,,,,,,,,,,,,
point,预设轨迹8,66,-3.483111,8.658217,,,,,,,,,,,,,
point,预设轨迹8,67,-3.400488,8.572193,,,,,,,,,,,,,
point,预设轨迹8,68,-3.312885,8.491248,,,,,,,,,,,,,
point,预设轨迹8,69,-3.220613,8.415669,,,,,,,,,,,,,
point,预设轨迹8,70,-3.123999,8.345725,,,,,,,,,,,,,
point,预设轨迹8,71,-3.023387,8.281664,,,,,,,,,,,,,
point,预设轨迹8,72,-2.919136,8.223715,,,,,,,,,,,,,
point,预设轨迹8,73,-2.811615,8.172083,,,,,,,,,,,,,
point,预设轨迹8,74,-2.701208,8.126953,,,,,,,,,,,,,
point,预设轨迹8,75,-2.588307,8.088484,,,,,,,,,,,,,
point,预设轨迹8,76,-2.473314,8.056814,,,,,,,,,,,,,
point,预设轨迹8,77,-2.356637,8.032054,,,,,,,,,,,,,
point,预设轨迹8,78,-2.238692,8.014295,,,,,,,,,,,,,
point,预设轨迹8,79,-2.119898,8.003597,,,,,,,,,,,,,
point,预设轨迹8,80,-2.000678,8.000000,,,,,,,,,,,,,
point,预设轨迹8,81,-1.881455,8.003516,,,,,,,,,,,,,
point,预设轨迹8,82,-1.762654,8.014133,,,,,,,,,,,,,
point,预设轨迹8,83,-1.644697,8.031813,,,,,,,,,,,,,
point,预设轨迹8,84,-1.528003,8.056493,,,,,,,,,,,,,
point,预设轨迹8,85,-1.412988,8.088085,,,,,,,,,,,,,
point,预设轨迹8,86,-1.300061,8.126478,,,,,,,,,,,,,
point,预设轨迹8,87,-1.189624,8.171533,,,,,,,,,,,,,
point,预设轨迹8,88,-1.082069,8.223092,,,,,,,,,,,,,
point,预设轨迹8,89,-0.977778,8.280971,,,,,,,,,,,,,
point,预设轨迹8,90,-0.877123,8.344963,,,,,,,,,,,,,
point,预设轨迹8,91,-0.780462,8.414842,,,,,,,,,,,,,
point,预设轨迹8,92,-0.688138,8.490359,,,,,,,,,,,,,
point,预设轨迹8,93,-0.600480,8.571244,,,,,,,,,,,,,
point,预设轨迹8,94,-0.517799,8.657212,,,,,,,,,,,,,
point,预设轨迹8,95,-0.440390,8.747955,,,,,,,,,,,,,
point,预设轨迹8,96,-0.368528,8.843151,,,,,,,,,,,,,
point,预设轨迹8,97,-0.302469,8.942462,,,,,,,,,,,,,
point,预设轨迹8,98,-0.242447,9.045534,,,,,,,,,,,,,
point,预设轨迹8,99,-0.188676,9.152000,,,,,,,,,,,,,
point,预设轨迹8,100,-0.141347,9.261483,,,,,,,,,,,,,
point,预设轨迹8,101,-0.100628,9.373592,,,,,,,,,,,,,
point,预设轨迹8,102,-0.066665,9.487929,,,,,,,,,,,,,
point,预设轨迹8,103,-0.039578,9.604087,,,,,,,,,,,,,
point,预设轨迹8,104,-0.019464,9.721654,,,,,,,,,,,,,
segment,预设轨迹8,0,,,0,1,1,0,1.500,1.500,1.500,,,,,,
segment,预设轨迹8,1,,,1,104,1,0,0.500,1.500,1.500,,,,,,
meta,预设轨迹9,,,,,,,,,,,fixed_origin,__manual_xy_anchor__,手动锚点,0.000000,0.000000,0.000000
point,预设轨迹9,0,0.000000,0.000000,,,,,,,,,,,,,
point,预设轨迹9,1,0.000000,50.000000,,,,,,,,,,,,,
point,预设轨迹9,2,0.000000,0.000000,,,,,,,,,,,,,
point,预设轨迹9,3,0.000000,50.000000,,,,,,,,,,,,,
point,预设轨迹9,4,0.000000,0.000000,,,,,,,,,,,,,
segment,预设轨迹9,0,,,0,1,1,0,2.500,2.500,2.500,,,,,,
segment,预设轨迹9,1,,,1,2,-1,0,2.500,2.500,2.500,,,,,,
segment,预设轨迹9,2,,,2,3,1,0,2.500,2.500,2.500,,,,,,
segment,预设轨迹9,3,,,3,4,-1,0,2.500,2.500,2.500,,,,,,
meta,预设轨迹10,,,,,,,,,,,fixed_origin,__manual_xy_anchor__,手动锚点,0.000000,0.000000,0.000000
point,预设轨迹10,0,0.000000,0.000000,,,,,,,,,,,,,
point,预设轨迹10,1,0.000000,30.000000,,,,,,,,,,,,,
point,预设轨迹10,2,0.000000,0.000000,,,,,,,,,,,,,
point,预设轨迹10,3,0.000000,30.000000,,,,,,,,,,,,,
point,预设轨迹10,4,0.000000,0.000000,,,,,,,,,,,,,
segment,预设轨迹10,0,,,0,1,1,0,2.500,2.500,1.500,,,,,,
segment,预设轨迹10,1,,,1,2,-1,0,2.500,2.500,1.500,,,,,,
segment,预设轨迹10,2,,,2,3,1,0,2.500,2.500,1.500,,,,,,
segment,预设轨迹10,3,,,3,4,-1,0,2.500,2.500,1.500,,,,,,
meta,预设轨迹11,,,,,,,,,,,fixed_origin,__manual_xy_anchor__,手动锚点,0.000000,0.000000,0.000000
point,预设轨迹11,0,0.000000,0.000000,,,,,,,,,,,,,
point,预设轨迹11,1,0.000000,50.000000,,,,,,,,,,,,,
point,预设轨迹11,2,0.000000,0.000000,,,,,,,,,,,,,
segment,预设轨迹11,0,,,0,1,1,0,3.000,2.500,2.500,,,,,,
segment,预设轨迹11,1,,,1,2,-1,0,3.000,2.500,2.500,,,,,,
